PositionType,X,Y,Z
SP,12,-14,0
SP,12,14,0
SP,6.12435565,17.39230485,0.0
SP,-18.12435565,3.39230485,0.0
SP,-18.12435565,-3.39230485,0.0
SP,6.12435565,-17.39230485,0.0
DP,12,-2,0
DP,12,2,0
DP,-4.26794919,11.39230485,0.0
DP,-7.73205081,9.39230485,0.0
DP,-7.73205081,-9.39230485,0.0
DP,-4.26794919,-11.39230485,0.0
